Evaluation,Start,Kp,Ki,Kd,Objective,TrackingCost,AmplitudeCost,A_Saturation_pct,SuccessfulCases,FailedCases,Status,Timestamp
1,1,0.015,1e-05,1e-08,1949630.79914563,1949630.79903301,0.00011261481581924,0,1,0,valid,2026-08-06 12:00:06
2,1,0.0164170235643645,1e-05,1e-08,1931256.41550009,1931256.41537351,0.00012657432022667,0,1,0,valid,2026-08-06 12:00:51
3,1,0.015,1.13328508972361e-05,1e-08,1941084.88059133,1941084.88047222,0.000119113516317027,0,1,0,valid,2026-08-06 12:01:36
4,1,0.015,1e-05,8.29354908831333e-09,1949630.79914543,1949630.79903282,0.000112614815819379,0,1,0,valid,2026-08-06 12:02:21
5,1,0.0159408741715098,1.0874325618904e-05,8.82213594445621e-09,1931743.07275814,1931743.07263194,0.000126205408013713,0,1,0,valid,2026-08-06 12:03:06
6,1,0.0165764920562125,1.1488909914893e-05,1.11204874113372e-08,1918968.70707745,1918968.70694156,0.000135885085543023,0,1,0,valid,2026-08-06 12:03:51
7,1,0.017378833416219,1.22936699358167e-05,1.29377691781778e-08,1902613.01396064,1902613.01381236,0.000148281175381979,0,1,0,valid,2026-08-06 12:04:35
8,1,0.0181881961770801,1.07246753329123e-05,1.08853763788952e-08,1902443.41008052,1902443.40993211,0.000148409188217441,0,1,0,valid,2026-08-06 12:05:19
9,1,0.0198208668242788,1.04301144376813e-05,1.13614014200901e-08,1881736.41388041,1881736.41371634,0.000164063395517538,0,1,0,valid,2026-08-06 12:06:04
10,1,0.0198208668242788,1.0874325618904e-05,1.47662663674711e-08,1878606.12994803,1878606.1297816,0.000166433050735441,2.4390243902439,1,0,valid,2026-08-06 12:06:48
11,1,0.0217880633182057,1.0874325618904e-05,1.93637189406661e-08,1874894.03259188,1874894.03242263,0.00016925,75.609756097561,1,0,valid,2026-08-06 12:07:34
12,1,0.0229310354476524,1.2459565072403e-05,2.02757490185822e-08,1874894.03259188,1874894.03242263,0.00016925,75.609756097561,1,0,valid,2026-08-06 12:08:18
13,1,0.0256102237057232,1.02372253433057e-05,2.0910282215644e-08,1874894.03259188,1874894.03242263,0.00016925,75.609756097561,1,0,valid,2026-08-06 12:09:04
14,1,0.0269843000334237,1.19309366617883e-05,3.72589853392435e-08,1874894.03259188,1874894.03242263,0.00016925,75.609756097561,1,0,valid,2026-08-06 12:09:49
15,1,0.0252400464778366,1.15412894964938e-05,2.72861840231166e-08,1874894.03259188,1874894.03242263,0.00016925,75.609756097561,1,0,valid,2026-08-06 12:10:35
16,1,0.0216425160722397,1.07909907164064e-05,1.506117813886e-08,1874894.03259188,1874894.03242263,0.00016925,75.609756097561,1,0,valid,2026-08-06 12:11:22
17,1,0.0243515534586435,1.13501109592279e-05,2.34326366085448e-08,1874894.03259188,1874894.03242263,0.00016925,75.609756097561,1,0,valid,2026-08-06 12:12:07
18,1,0.0223603740950732,1.1646590178399e-05,1.98138948279104e-08,1874894.03259188,1874894.03242263,0.00016925,75.609756097561,1,0,valid,2026-08-06 12:12:51
19,1,0.0237154149675547,1.05520829693642e-05,2.01204802224146e-08,1874894.03259188,1874894.03242263,0.00016925,75.609756097561,1,0,valid,2026-08-06 12:13:35
20,1,0.0235265329129117,1.1204034749757e-05,2.29500093782327e-08,1874894.03259188,1874894.03242263,0.00016925,75.609756097561,1,0,valid,2026-08-06 12:14:20
21,1,0.0217152980941763,1.08325968892616e-05,1.7061413618785e-08,1874894.03259188,1874894.03242263,0.00016925,75.609756097561,1,0,valid,2026-08-06 12:15:05
22,1,0.0230756397626689,1.11102792591146e-05,2.12905953518497e-08,1874894.03259188,1874894.03242263,0.00016925,75.609756097561,1,0,valid,2026-08-06 12:15:50
23,1,0.0220743915550397,1.12554270117938e-05,1.9587366987703e-08,1874894.03259188,1874894.03242263,0.00016925,75.609756097561,1,0,valid,2026-08-06 12:16:34
24,1,0.0227546102372617,1.07122760218711e-05,1.97380631355305e-08,1874894.03259188,1874894.03242263,0.00016925,75.609756097561,1,0,valid,2026-08-06 12:17:19
25,1,0.0226595311663749,1.10382418725689e-05,2.10723420492182e-08,1874894.03259188,1874894.03242263,0.00016925,75.609756097561,1,0,valid,2026-08-06 12:18:04
26,1,0.0217516828762008,1.08534459238714e-05,1.8171906828554e-08,1874894.03259188,1874894.03242263,0.00016925,75.609756097561,1,0,valid,2026-08-06 12:18:49
27,1,0.022432941505349,1.09918195050086e-05,2.03017564695254e-08,1874894.03259188,1874894.03242263,0.00016925,75.609756097561,1,0,valid,2026-08-06 12:19:33
28,1,0.0219312664262149,1.10636260744392e-05,1.94751854455342e-08,1874894.03259188,1874894.03242263,0.00016925,75.609756097561,1,0,valid,2026-08-06 12:20:18
29,1,0.0222718966807657,1.07930681169504e-05,1.95498933898376e-08,1874894.03259188,1874894.03242263,0.00016925,75.609756097561,1,0,valid,2026-08-06 12:21:02
30,1,0.0222242393107088,1.09560497872847e-05,2.01979486912068e-08,1874894.03259188,1874894.03242263,0.00016925,75.609756097561,1,0,valid,2026-08-06 12:21:47
31,1,0.0217698736484761,1.08638819375104e-05,1.87572598896111e-08,1874894.03259188,1874894.03242263,0.00016925,75.609756097561,1,0,valid,2026-08-06 12:22:32
32,1,0.0221107273635518,1.09329520585535e-05,1.9826564940001e-08,1874894.03259188,1874894.03242263,0.00016925,75.609756097561,1,0,valid,2026-08-06 12:23:17
33,1,0.0218596740883828,1.09686642361711e-05,1.9419363118463e-08,1874894.03259188,1874894.03242263,0.00016925,75.609756097561,1,0,valid,2026-08-06 12:24:01
34,1,0.022030099763429,1.08336386131344e-05,1.94565581712342e-08,1874894.03259188,1874894.03242263,0.00016925,75.609756097561,1,0,valid,2026-08-06 12:24:45
35,1,0.022006246994518,1.09151292914223e-05,1.9775938526979e-08,1874894.03259188,1874894.03242263,0.00016925,75.609756097561,1,0,valid,2026-08-06 12:25:30
36,1,0.0217789686222545,1.08691028195725e-05,1.90578009547373e-08,1874894.03259188,1874894.03242263,0.00016925,75.609756097561,1,0,valid,2026-08-06 12:26:14
37,1,0.0219494455448857,1.09036087417737e-05,1.95936203595223e-08,1874894.03259188,1874894.03242263,0.00016925,75.609756097561,1,0,valid,2026-08-06 12:27:03
38,1,0.0218238709407244,1.09214171445254e-05,1.93915187989146e-08,1874894.03259188,1874894.03242263,0.00016925,75.609756097561,1,0,valid,2026-08-06 12:30:39
39,1,0.0219091089268545,1.0853967542485e-05,1.94100767337815e-08,1874894.03259188,1874894.03242263,0.00016925,75.609756097561,1,0,valid,2026-08-06 12:31:24
40,1,0.0218971772030446,1.0894712862019e-05,1.95686202010311e-08,1874894.03259188,1874894.03242263,0.00016925,75.609756097561,1,0,valid,2026-08-06 12:32:09
41,1,0.0217835160050954,1.08717139795589e-05,1.92100814469483e-08,1874894.03259188,1874894.03242263,0.00016925,75.609756097561,1,0,valid,2026-08-06 12:32:54
42,1,0.0218687662227789,1.08889596597203e-05,1.94782919216746e-08,1874894.03259188,1874894.03242263,0.00016925,75.609756097561,1,0,valid,2026-08-06 12:33:40
43,1,0.021805967680483,1.08978519509688e-05,1.93776133168717e-08,1874894.03259188,1874894.03242263,0.00016925,75.609756097561,1,0,valid,2026-08-06 12:34:26
44,1,0.021848592647938,1.08641429360835e-05,1.93868824036664e-08,1874894.03259188,1874894.03242263,0.00016925,75.609756097561,1,0,valid,2026-08-06 12:35:12
45,1,0.0218426255369883,1.08845155933992e-05,1.94658693270388e-08,1874894.03259188,1874894.03242263,0.00016925,75.609756097561,1,0,valid,2026-08-06 12:35:58
46,1,0.0217857896703839,1.08730197393091e-05,1.92867297634831e-08,1874894.03259188,1874894.03242263,0.00016925,75.609756097561,1,0,valid,2026-08-06 12:36:43
47,1,0.0218284176229904,1.08816407596106e-05,1.94209113302797e-08,1874894.03259188,1874894.03242263,0.00016925,75.609756097561,1,0,valid,2026-08-06 12:37:28
48,1,0.0217970156360555,1.08860839291293e-05,1.93706647411317e-08,1874894.03259188,1874894.03242263,0.00016925,75.609756097561,1,0,valid,2026-08-06 12:38:13
49,1,0.0218183295741793,1.08692333661877e-05,1.93752968165214e-08,1874894.03259188,1874894.03242263,0.00016925,75.609756097561,1,0,valid,2026-08-06 12:38:58
50,1,0.021815345717204,1.08794196945391e-05,1.94147193077251e-08,1874894.03259188,1874894.03242263,0.00016925,75.609756097561,1,0,valid,2026-08-06 12:39:43
51,1,0.0217869264964803,1.08736726641256e-05,1.93251816434152e-08,1874894.03259188,1874894.03242263,0.00016925,75.609756097561,1,0,valid,2026-08-06 12:40:31
52,1,0.0218082411717878,1.08779827193886e-05,1.93922916515195e-08,1874894.03259188,1874894.03242263,0.00016925,75.609756097561,1,0,valid,2026-08-06 12:41:16
53,1,0.0217925395111779,1.08802035603e-05,1.93671914940637e-08,1874894.03259188,1874894.03242263,0.00016925,75.609756097561,1,0,valid,2026-08-06 12:42:00
54,1,0.0218031968389322,1.08717792647002e-05,1.93695069150254e-08,1874894.03259188,1874894.03242263,0.00016925,75.609756097561,1,0,valid,2026-08-06 12:42:44
55,1,0.0218017048364167,1.08768724288376e-05,1.9389200446933e-08,1874894.03259188,1874894.03242263,0.00016925,75.609756097561,1,0,valid,2026-08-06 12:45:27
56,1,0.0217874949078896,1.08739991377696e-05,1.93444396022136e-08,1874894.03259188,1874894.03242263,0.00016925,75.609756097561,1,0,valid,2026-08-06 12:46:14
57,1,0.021798152418801,1.08761540516862e-05,1.93779994302548e-08,1874894.03259188,1874894.03242263,0.00016925,75.609756097561,1,0,valid,2026-08-06 12:47:01
58,1,0.0217903014231874,1.08772642862023e-05,1.93654551306653e-08,1874894.03259188,1874894.03242263,0.00016925,75.609756097561,1,0,valid,2026-08-06 12:47:48
59,1,0.0217956301761238,1.08730523848383e-05,1.93666126869965e-08,1874894.03259188,1874894.03242263,0.00016925,75.609756097561,1,0,valid,2026-08-06 12:48:33
60,1,0.0217948841565276,1.08755989669022e-05,1.93764550281373e-08,1874894.03259188,1874894.03242263,0.00016925,75.609756097561,1,0,valid,2026-08-06 12:49:17
61,1,0.0217877791131843,1.08741623774005e-05,1.93540765973986e-08,1874894.03259188,1874894.03242263,0.00016925,75.609756097561,1,0,valid,2026-08-06 12:50:01
62,1,0.0217931079117677,1.0875239805931e-05,1.93708577196442e-08,1874894.03259188,1874894.03242263,0.00016925,75.609756097561,1,0,valid,2026-08-06 12:50:45
63,1,0.0217891823728183,1.08757948767069e-05,1.9364587013992e-08,1874894.03259188,1874894.03242263,0.00016925,75.609756097561,1,0,valid,2026-08-06 12:51:30
64,1,0.0217918467714747,1.08736889876299e-05,1.93651657536243e-08,1874894.03259188,1874894.03242263,0.00016925,75.609756097561,1,0,valid,2026-08-06 12:52:16
65,1,0.0217914737571131,1.08749622786613e-05,1.93700858184425e-08,1874894.03259188,1874894.03242263,0.00016925,75.609756097561,1,0,valid,2026-08-06 12:53:03
66,1,0.0217879212157292,1.08742439979182e-05,1.93588971003238e-08,1874894.03259188,1874894.03242263,0.00016925,75.609756097561,1,0,valid,2026-08-06 12:53:49
67,1,0.0217905856257794,1.08747827050766e-05,1.93672879637815e-08,1874894.03259188,1874894.03242263,0.00016925,75.609756097561,1,0,valid,2026-08-06 12:54:35
68,1,0.0217886228460422,1.08750602288444e-05,1.93641529719107e-08,1874894.03259188,1874894.03242263,0.00016925,75.609756097561,1,0,valid,2026-08-06 12:55:20
69,1,0.0217899550509078,1.08740072997066e-05,1.93644423320942e-08,1874894.03259188,1874894.03242263,0.00016925,75.609756097561,1,0,valid,2026-08-06 12:56:04
70,1,0.0217897685425887,1.08746439452222e-05,1.93669020881215e-08,1874894.03259188,1874894.03242263,0.00016925,75.609756097561,1,0,valid,2026-08-06 12:56:49
71,1,0.021787992266976,1.08742848083526e-05,1.93613078532931e-08,1874894.03259188,1874894.03242263,0.00016925,75.609756097561,1,0,valid,2026-08-06 12:57:35
72,1,0.0217893244746878,1.08745541601551e-05,1.93655033606404e-08,1874894.03259188,1874894.03242263,0.00016925,75.609756097561,1,0,valid,2026-08-06 12:58:20
73,1,0.0217883430822564,1.0874692919134e-05,1.93639359549339e-08,1874894.03259188,1874894.03242263,0.00016925,75.609756097561,1,0,valid,2026-08-06 12:59:05
74,1,0.0217890091860724,1.08741664584152e-05,1.93640806326174e-08,1874894.03259188,1874894.03242263,0.00016925,75.609756097561,1,0,valid,2026-08-06 12:59:51
75,1,0.0217889159316286,1.08744847811731e-05,1.93653104415428e-08,1874894.03259188,1874894.03242263,0.00016925,75.609756097561,1,0,valid,2026-08-06 13:00:35
76,2,0.005,1e-06,1.00000018420682e-10,2082989.85227005,2082989.85225993,1.01202022234086e-05,0,1,0,valid,2026-08-06 13:02:04
77,2,0.00542971494285472,1e-06,1.00000018420682e-10,2080933.77138171,2080933.77136999,1.17202679834847e-05,0,1,0,valid,2026-08-06 13:02:49
78,2,0.005,1.04053253175929e-06,1.00000018420682e-10,2082900.63903264,2082900.63902245,1.01896803848158e-05,0,1,0,valid,2026-08-06 13:03:35
79,2,0.005,1e-06,1.00000007333405e-10,2082989.85227005,2082989.85225993,1.01202022234086e-05,0,1,0,valid,2026-08-06 13:04:19
80,2,0.00528365050581508,1.02685050195919e-06,1.00000046270668e-10,2081587.6837575,2081587.68374629,1.12115203140534e-05,0,1,0,valid,2026-08-06 13:05:05
81,2,0.00547903330565474,1.04513172724381e-06,1.00000034038656e-10,2080580.10432801,2080580.10431602,1.19954259810917e-05,0,1,0,valid,2026-08-06 13:05:51
82,2,0.00573036295300261,1.06841985504372e-06,1.00000046270668e-10,2079234.06673811,2079234.06672507,1.30422646692037e-05,0,1,0,valid,2026-08-06 13:06:37
83,2,0.00598960485519922,1.02232810459015e-06,1.00000062898333e-10,2077968.60850802,2077968.608494,1.40259723169258e-05,0,1,0,valid,2026-08-06 13:07:22
84,2,0.00653185368114288,1.01334029950256e-06,1.00000116226699e-10,2074928.41479355,2074928.41477716,1.63877654806878e-05,0,1,0,valid,2026-08-06 13:08:07
85,2,0.00653185368114288,1.02685050195919e-06,1.00000046270668e-10,2074890.49514065,2074890.49512423,1.64172222553311e-05,0,1,0,valid,2026-08-06 13:08:52
86,2,0.00722422947919427,1.02685050195919e-06,1.00000046270668e-10,2070697.62646187,2070697.6264422,1.96740789694231e-05,0,1,0,valid,2026-08-06 13:09:36
87,2,0.00764890412736625,1.07313642124668e-06,1.00000214769576e-10,2067822.03943981,2067822.0394179,2.19068492340301e-05,0,1,0,valid,2026-08-06 13:10:22
88,2,0.00894452263963084,1.11158862416013e-06,1.00000733342908e-10,2058469.81449756,2058469.81446841,2.91548275386818e-05,0,1,0,valid,2026-08-06 13:11:08
89,2,0.00963637741311361,1.03139199111694e-06,1.00000539477564e-10,2053452.10658399,2053452.10655095,3.30409223686426e-05,0,1,0,valid,2026-08-06 13:11:53
90,2,0.0120299522144656,1.01334029950256e-06,1.00001842083204e-10,2032754.13426737,2032754.13421834,4.90227894429428e-05,0,1,0,valid,2026-08-06 13:12:38
91,2,0.0125864304164237,1.08740532344526e-06,1.000013551113e-10,2027133.55154714,2027133.55149378,5.33531990028626e-05,0,1,0,valid,2026-08-06 13:13:22
92,2,0.0162930693446704,1.12634297523114e-06,1.00004627161242e-10,1987467.09610566,1987467.09602189,8.37726525235254e-05,0,1,0,valid,2026-08-06 13:14:06
93,2,0.0184206523929112,1.14128309798e-06,1.00073358025547e-10,1962167.66496534,1962167.66486226,0.000103076576921497,0,1,0,valid,2026-08-06 13:14:50
94,2,0.0248768474644564,1.20294277029165e-06,1.0295775928652e-10,1877342.6855053,1877342.68533791,0.00016739122296399,4.8780487804878,1,0,valid,2026-08-06 13:28:35
95,2,0.0272113048007261,1.11158862416012e-06,1.01168305498971e-10,1874894.03259188,1874894.03242263,0.00016925,75.609756097561,1,0,valid,2026-08-06 13:29:21
96,2,0.0353604166799744,1.11158862416012e-06,1.57046022153742e-10,1874894.03259188,1874894.03242263,0.00016925,75.609756097561,1,0,valid,2026-08-06 13:30:07
97,2,0.03303633899126,1.29570242657655e-06,1.39683756384867e-10,1874894.03259188,1874894.03242263,0.00016925,75.609756097561,1,0,valid,2026-08-06 13:30:53
98,2,0.0381390353451253,1.28071911735277e-06,7.67414338694272e-05,1874894.03259188,1874894.03242263,0.00016925,75.609756097561,1,0,valid,2026-08-06 13:31:38
99,2,0.0394489584701182,1.25063352806522e-06,1.34070446064672e-07,1874894.03259188,1874894.03242263,0.00016925,75.609756097561,1,0,valid,2026-08-06 13:32:23
100,2,0.0365946510973731,1.23854625504627e-06,1.00303845419294e-09,1874894.03259188,1874894.03242263,0.00016925,75.609756097561,1,0,valid,2026-08-06 13:33:08
101,2,0.0292490938563334,1.21470175562282e-06,1.13887522783124e-10,1874894.03259188,1874894.03242263,0.00016925,75.609756097561,1,0,valid,2026-08-06 13:33:54
102,2,0.034960374364165,1.23254403987739e-06,3.20782352169096e-10,1874894.03259188,1874894.03242263,0.00016925,75.609756097561,1,0,valid,2026-08-06 13:34:38
103,2,0.0302446396913896,1.20031186903578e-06,1.06469063802977e-10,1874894.03259188,1874894.03242263,0.00016925,75.609756097561,1,0,valid,2026-08-06 13:35:23
104,2,0.0332628295696282,1.19332270762855e-06,2.09761492586306e-10,1874894.03259188,1874894.03242263,0.00016925,75.609756097561,1,0,valid,2026-08-06 13:36:08
105,2,0.032295599683574,1.17344271551085e-06,1.18930733533234e-10,1874894.03259188,1874894.03242263,0.00016925,75.609756097561,1,0,valid,2026-08-06 13:36:52
106,2,0.0282416778170973,1.16206208149255e-06,1.03970034317337e-10,1874894.03259188,1874894.03242263,0.00016925,75.609756097561,1,0,valid,2026-08-06 13:37:38
107,2,0.0313273898364846,1.17058770166207e-06,1.12691045494106e-10,1874894.03259188,1874894.03242263,0.00016925,75.609756097561,1,0,valid,2026-08-06 13:38:23
108,2,0.0287552297104753,1.15514316510269e-06,1.02736598818169e-10,1874894.03259188,1874894.03242263,0.00016925,75.609756097561,1,0,valid,2026-08-06 13:39:07
109,2,0.0303693649123025,1.15176856978402e-06,1.09881251118246e-10,1874894.03259188,1874894.03242263,0.00016925,75.609756097561,1,0,valid,2026-08-06 13:39:51
110,2,0.0298412074866879,1.1421185931192e-06,1.04601919081176e-10,1874894.03259188,1874894.03242263,0.00016925,75.609756097561,1,0,valid,2026-08-06 13:40:36
111,2,0.0277292194803703,1.13655956544909e-06,1.02149778825032e-10,1874894.03259188,1874894.03242263,0.00016925,75.609756097561,1,0,valid,2026-08-06 13:41:23
112,2,0.029323327829276,1.14072642331129e-06,1.03801540563452e-10,1874894.03259188,1874894.03242263,0.00016925,75.609756097561,1,0,valid,2026-08-06 13:42:07
113,2,0.0279896273149768,1.13316734736794e-06,1.01786786425088e-10,1874894.03259188,1874894.03242263,0.00016925,75.609756097561,1,0,valid,2026-08-06 13:42:51
114,2,0.0288201324271024,1.13150935995072e-06,1.03367373461144e-10,1874894.03259188,1874894.03242263,0.00016925,75.609756097561,1,0,valid,2026-08-06 13:43:37
115,2,0.028546184214305,1.12675546065787e-06,1.0231305333003e-10,1874894.03259188,1874894.03242263,0.00016925,75.609756097561,1,0,valid,2026-08-06 13:44:22
116,2,0.0274709254295426,1.12400826407805e-06,1.01584288063463e-10,1874894.03259188,1874894.03242263,0.00016925,75.609756097561,1,0,valid,2026-08-06 13:45:08
117,2,0.0282797112764316,1.12606806458338e-06,1.02104008252976e-10,1874894.03259188,1874894.03242263,0.00016925,75.609756097561,1,0,valid,2026-08-06 13:45:53
118,2,0.0276019937761094,1.12232874757947e-06,1.01444615537427e-10,1874894.03259188,1874894.03242263,0.00016925,75.609756097561,1,0,valid,2026-08-06 13:46:38
119,2,0.0280226570958448,1.12150699682626e-06,1.01981013089383e-10,1874894.03259188,1874894.03242263,0.00016925,75.609756097561,1,0,valid,2026-08-06 13:47:22
120,2,0.027883427175604,1.11914764451457e-06,1.01643188619434e-10,1874894.03259188,1874894.03242263,0.00016925,75.609756097561,1,0,valid,2026-08-06 13:48:06
121,2,0.0273412785260476,1.1177820629788e-06,1.01360395482872e-10,1874894.03259188,1874894.03242263,0.00016925,75.609756097561,1,0,valid,2026-08-06 13:48:50
122,2,0.0277484496019642,1.11880610068019e-06,1.01567372395671e-10,1874894.03259188,1874894.03242263,0.00016925,75.609756097561,1,0,valid,2026-08-06 13:49:34
123,2,0.0274070230850783,1.1169464258872e-06,1.01299093438334e-10,1874894.03259188,1874894.03242263,0.00016925,75.609756097561,1,0,valid,2026-08-06 13:50:19
124,2,0.0276186451958249,1.11653735074593e-06,1.01520969586698e-10,1874894.03259188,1874894.03242263,0.00016925,75.609756097561,1,0,valid,2026-08-06 13:51:04
125,2,0.0275484961810887,1.11536205218595e-06,1.0138542642047e-10,1874894.03259188,1874894.03242263,0.00016925,75.609756097561,1,0,valid,2026-08-06 13:51:50
126,2,0.0272763322105066,1.11468125782252e-06,1.0126067701453e-10,1874894.03259188,1874894.03242263,0.00016925,75.609756097561,1,0,valid,2026-08-06 13:52:35
127,2,0.027480591703417,1.11519181657993e-06,1.01353120390811e-10,1874894.03259188,1874894.03242263,0.00016925,75.609756097561,1,0,valid,2026-08-06 13:53:19
128,2,0.0273092563538398,1.11426446620689e-06,1.01231955714918e-10,1874894.03259188,1874894.03242263,0.00016925,75.609756097561,1,0,valid,2026-08-06 13:54:03
129,2,0.027415381854636,1.11406037738666e-06,1.01332957653486e-10,1874894.03259188,1874894.03242263,0.00016925,75.609756097561,1,0,valid,2026-08-06 13:54:48
130,2,0.0273801777883644,1.11347381979638e-06,1.01272216805453e-10,1874894.03259188,1874894.03242263,0.00016925,75.609756097561,1,0,valid,2026-08-06 13:55:32
131,2,0.0272438286039334,1.11313392074501e-06,1.01213608058293e-10,1874894.03259188,1874894.03242263,0.00016925,75.609756097561,1,0,valid,2026-08-06 13:56:17
132,2,0.0273461241887954,1.11338883579191e-06,1.01257303031734e-10,1874894.03259188,1874894.03242263,0.00016925,75.609756097561,1,0,valid,2026-08-06 13:57:02
133,2,0.0272603035488888,1.11292578125064e-06,1.01199706338171e-10,1874894.03259188,1874894.03242263,0.00016925,75.609756097561,1,0,valid,2026-08-06 13:57:47
134,2,0.0273134438655211,1.11282384886485e-06,1.01247904104571e-10,1874894.03259188,1874894.03242263,0.00016925,75.609756097561,1,0,valid,2026-08-06 13:58:32
135,2,0.0272958099505966,1.11253084265398e-06,1.0121914865329e-10,1874894.03259188,1874894.03242263,0.00016925,75.609756097561,1,0,valid,2026-08-06 13:59:16
136,2,0.0272275692220847,1.11236101753967e-06,1.01190740225024e-10,1874894.03259188,1874894.03242263,0.00016925,75.609756097561,1,0,valid,2026-08-06 14:00:01
137,2,0.0272787581379889,1.11248838406652e-06,1.01211983294252e-10,1874894.03259188,1874894.03242263,0.00016925,75.609756097561,1,0,valid,2026-08-06 14:00:45
138,2,0.0272358099012334,1.11225701181852e-06,1.01183901275231e-10,1874894.03259188,1874894.03242263,0.00016925,75.609756097561,1,0,valid,2026-08-06 14:01:31
139,2,0.0272623993189559,1.11220607361131e-06,1.01207445579128e-10,1874894.03259188,1874894.03242263,0.00016925,75.609756097561,1,0,valid,2026-08-06 14:02:16
140,2,0.0272535744553876,1.11205963860971e-06,1.01193454937042e-10,1874894.03259188,1874894.03242263,0.00016925,75.609756097561,1,0,valid,2026-08-06 14:03:02
141,2,0.0272194376407401,1.11197475714025e-06,1.01179469245237e-10,1874894.03259188,1874894.03242263,0.00016925,75.609756097561,1,0,valid,2026-08-06 14:03:47
142,2,0.0272450423372422,1.11203841766531e-06,1.01189942962277e-10,1874894.03259188,1874894.03242263,0.00016925,75.609756097561,1,0,valid,2026-08-06 14:04:31
143,2,0.0272235587805216,1.11192277027964e-06,1.01176077402115e-10,1874894.03259188,1874894.03242263,0.00016925,75.609756097561,1,0,valid,2026-08-06 14:05:16
144,2,0.0272368582876208,1.11189730816991e-06,1.01187713480123e-10,1874894.03259188,1874894.03242263,0.00016925,75.609756097561,1,0,valid,2026-08-06 14:06:02
145,2,0.0272324438874059,1.11182410768979e-06,1.01180812917068e-10,1874894.03259188,1874894.03242263,0.00016925,75.609756097561,1,0,valid,2026-08-06 14:06:48
146,2,0.0272153713779912,1.1117816747251e-06,1.01173874032559e-10,1874894.03259188,1874894.03242263,0.00016925,75.609756097561,1,0,valid,2026-08-06 14:07:33
147,2,0.0272281762805711,1.11181349930438e-06,1.01179074340211e-10,1874894.03259188,1874894.03242263,0.00016925,75.609756097561,1,0,valid,2026-08-06 14:08:20
148,2,0.0272174321477509,1.11175568529397e-06,1.01172184976146e-10,1874894.03259188,1874894.03242263,0.00016925,75.609756097561,1,0,valid,2026-08-06 14:09:05
149,2,0.0272240830987774,1.11174295598725e-06,1.01177969313051e-10,1874894.03259188,1874894.03242263,0.00016925,75.609756097561,1,0,valid,2026-08-06 14:09:49
150,2,0.0272218754075775,1.1117063600017e-06,1.01174542473631e-10,1874894.03259188,1874894.03242263,0.00016925,75.609756097561,1,0,valid,2026-08-06 14:10:34
151,2,0.0272133381286637,1.11168514546163e-06,1.01171086438924e-10,1874894.03259188,1874894.03242263,0.00016925,75.609756097561,1,0,valid,2026-08-06 14:11:19
152,2,0.0272197412178711,1.11170105633063e-06,1.01173677505024e-10,1874894.03259188,1874894.03242263,0.00016925,75.609756097561,1,0,valid,2026-08-06 14:12:03
153,2,0.0272143685634879,1.11167215174576e-06,1.01170243621682e-10,1874894.03259188,1874894.03242263,0.00016925,75.609756097561,1,0,valid,2026-08-06 14:12:46
154,2,0.0272176943381097,1.11166578752939e-06,1.01173127403851e-10,1874894.03259188,1874894.03242263,0.00016925,75.609756097561,1,0,valid,2026-08-06 14:13:30
155,2,0.0272165903698637,1.11164749060016e-06,1.01171419814005e-10,1874894.03259188,1874894.03242263,0.00016925,75.609756097561,1,0,valid,2026-08-06 14:14:14
156,3,0.01,5e-06,1e-08,2033581.10395521,2033581.10390682,4.8385256342661e-05,0,1,0,valid,2026-08-06 14:15:43
157,3,0.0109738484717709,5e-06,1e-08,2024229.1121416,2024229.11208601,5.55886367483645e-05,0,1,0,valid,2026-08-06 14:16:29
158,3,0.01,5.56352428422269e-06,1e-08,2031009.79653764,2031009.79648728,5.03677171254727e-05,0,1,0,valid,2026-08-06 14:17:15
159,3,0.01,5e-06,8.29354908831333e-09,2033581.10395514,2033581.10390676,4.83852563427077e-05,0,1,0,valid,2026-08-06 14:17:59
160,3,0.0106441897133048,5.37003725142009e-06,8.82213594445621e-09,2025702.60773762,2025702.60768317,5.44549439346886e-05,0,1,0,valid,2026-08-06 14:18:44
161,3,0.0110848214821342,5.62930307760504e-06,1.11204874113372e-08,2020015.67972676,2020015.67966793,5.88280648894178e-05,0,1,0,valid,2026-08-06 14:19:28
162,3,0.011647594648677,5.96801286350465e-06,1.29377691781778e-08,2012401.72002179,2012401.71995711,6.46728596379855e-05,0,1,0,valid,2026-08-06 14:20:13
163,3,0.0122230284392892,5.30681042166422e-06,1.08853763788952e-08,2009777.9725058,2009777.97243911,6.66883795239007e-05,0,1,0,valid,2026-08-06 14:20:57
164,3,0.0134088537422576,5.18223434748342e-06,1.13614014200901e-08,1997573.92112763,1997573.92105159,7.60455556811187e-05,0,1,0,valid,2026-08-06 14:21:42
165,3,0.0134088537422576,5.37003725142009e-06,1.47662663674711e-08,1996537.19365106,1996537.19357422,7.68391478743912e-05,0,1,0,valid,2026-08-06 14:22:27
166,3,0.0148855925370488,5.37003725142009e-06,1.93637189406661e-08,1979466.26114349,1979466.26105361,8.98868990481026e-05,0,1,0,valid,2026-08-06 14:23:11
167,3,0.0157696221449964,6.03774787764965e-06,2.02757490185822e-08,1964836.3940985,1964836.39399745,0.000101045829948454,0,1,0,valid,2026-08-06 14:23:55
168,3,0.0183613689602315,6.62025947488199e-06,2.9549321473693e-08,1928009.51512734,1928009.5149983,0.00012903537031544,0,1,0,valid,2026-08-06 14:24:40
169,3,0.0196800148142843,5.43389565113462e-06,2.68568232228522e-08,1918366.7502144,1918366.75007806,0.000136340483090475,0,1,0,valid,2026-08-06 14:25:29
170,3,0.023900729115603,5.18223434748343e-06,3.95668895172207e-08,1874894.03259188,1874894.03242263,0.00016925,75.609756097561,1,0,valid,2026-08-06 14:26:15
171,3,0.0248092616426027,6.25101573536724e-06,7.63891441947376e-08,1874894.03259188,1874894.03242263,0.00016925,75.609756097561,1,0,valid,2026-08-06 14:26:59
172,3,0.0296048320802288,6.67081812055602e-06,1.08327277144139e-07,1874894.03259188,1874894.03242263,0.00016925,75.609756097561,1,0,valid,2026-08-06 14:27:44
173,3,0.0331152616533939,5.44103020064858e-06,1.67234856859497e-07,1874894.03259188,1874894.03242263,0.00016925,75.609756097561,1,0,valid,2026-08-06 14:28:28
174,3,0.0298007225848119,5.71801794647842e-06,1.06433323499558e-07,1874894.03259188,1874894.03242263,0.00016925,75.609756097561,1,0,valid,2026-08-06 14:29:13
175,3,0.0222967629379272,6.30731214974199e-06,4.46624504431278e-08,1876830.96941451,1876830.96924673,0.000167779522997808,4.8780487804878,1,0,valid,2026-08-06 14:29:58
176,3,0.028015862559173,5.86086641521931e-06,8.52553325706609e-08,1874894.03259188,1874894.03242263,0.00016925,75.609756097561,1,0,valid,2026-08-06 14:30:42
177,3,0.024356105613878,5.69573056005947e-06,5.47514073576343e-08,1874894.03259188,1874894.03242263,0.00016925,75.609756097561,1,0,valid,2026-08-06 14:31:26
178,3,0.0268251883140941,5.887501904887e-06,6.48845997555784e-08,1874894.03259188,1874894.03242263,0.00016925,75.609756097561,1,0,valid,2026-08-06 14:32:10
179,3,0.0269295076237269,5.44460042099571e-06,6.43328288057065e-08,1874894.03259188,1874894.03242263,0.00016925,75.609756097561,1,0,valid,2026-08-06 14:32:54
180,3,0.0231010549641038,5.72173957563631e-06,4.2030998349156e-08,1874894.03259188,1874894.03242263,0.00016925,75.609756097561,1,0,valid,2026-08-06 14:33:37
181,3,0.0259909051743932,5.51280873837692e-06,5.77628476906997e-08,1874894.03259188,1874894.03242263,0.00016925,75.609756097561,1,0,valid,2026-08-06 14:34:23
182,3,0.0241286795442135,5.43389565113462e-06,4.64940692981215e-08,1874894.03259188,1874894.03242263,0.00016925,75.609756097561,1,0,valid,2026-08-06 14:50:07
183,3,0.0253775599894193,5.52545118847927e-06,5.05466722035397e-08,1874894.03259188,1874894.03242263,0.00016925,75.609756097561,1,0,valid,2026-08-06 14:50:52
184,3,0.0254309538994062,5.3120553061513e-06,5.03352318313156e-08,1874894.03259188,1874894.03242263,0.00016925,75.609756097561,1,0,valid,2026-08-06 15:06:38
185,3,0.0235015577398654,5.44638626788794e-06,4.077874066416e-08,1874894.03259188,1874894.03242263,0.00016925,75.609756097561,1,0,valid,2026-08-06 15:07:26
186,3,0.0249526172421852,5.34537422770612e-06,4.7738051752994e-08,1874894.03259188,1874894.03242263,0.00016925,75.609756097561,1,0,valid,2026-08-06 15:08:15
187,3,0.0240147679229683,5.30681042166423e-06,4.28791264901428e-08,1874894.03259188,1874894.03242263,0.00016925,75.609756097561,1,0,valid,2026-08-06 15:24:03
188,3,0.0246422994284977,5.35153104285366e-06,4.46933601768068e-08,1874894.03259188,1874894.03242263,0.00016925,75.609756097561,1,0,valid,2026-08-06 15:31:57
189,3,0.0246692510016122,5.24680672666092e-06,4.46007003892035e-08,1874894.03259188,1874894.03242263,0.00016925,75.609756097561,1,0,valid,2026-08-06 15:32:43
190,3,0.0237013206583063,5.31292987725648e-06,4.01678508609282e-08,1874894.03259188,1874894.03242263,0.00016925,75.609756097561,1,0,valid,2026-08-06 15:33:28
191,3,0.024428189706295,5.26327222209928e-06,4.3444846971133e-08,1874894.03259188,1874894.03242263,0.00016925,75.609756097561,1,0,valid,2026-08-06 15:34:13
192,3,0.0239577641717589,5.24421088065162e-06,4.11868843480004e-08,1874894.03259188,1874894.03242263,0.00016925,75.609756097561,1,0,valid,2026-08-06 15:34:58
193,3,0.0242722375803186,5.26631007932868e-06,4.20454661510908e-08,1874894.03259188,1874894.03242263,0.00016925,75.609756097561,1,0,valid,2026-08-06 15:35:42
194,3,0.0242857697339648,5.21443631442099e-06,4.20020789436364e-08,1874894.03259188,1874894.03242263,0.00016925,75.609756097561,1,0,valid,2026-08-06 15:36:27
195,3,0.0238010705290508,5.24723947284082e-06,3.98661397882309e-08,1874894.03259188,1874894.03242263,0.00016925,75.609756097561,1,0,valid,2026-08-06 15:37:12
196,3,0.0241648147335431,5.22262086377815e-06,4.14566919391675e-08,1874894.03259188,1874894.03242263,0.00016925,75.609756097561,1,0,valid,2026-08-06 15:37:57
197,3,0.0239292505259626,5.21314500561876e-06,4.03680616172956e-08,1874894.03259188,1874894.03242263,0.00016925,75.609756097561,1,0,valid,2026-08-06 15:38:41
198,3,0.024086655787675,5.22412972382076e-06,4.07857403078005e-08,1874894.03259188,1874894.03242263,0.00016925,75.609756097561,1,0,valid,2026-08-06 15:39:26
199,3,0.0240934350125011,5.19831431308448e-06,4.07647452895663e-08,1874894.03259188,1874894.03242263,0.00016925,75.609756097561,1,0,valid,2026-08-06 15:40:10
200,3,0.0238509113986292,5.21465155875624e-06,3.97162083743012e-08,1874894.03259188,1874894.03242263,0.00016925,75.609756097561,1,0,valid,2026-08-06 15:40:55
201,3,0.0240328577258596,5.20239457478998e-06,4.04998217408466e-08,1874894.03259188,1874894.03242263,0.00016925,75.609756097561,1,0,valid,2026-08-06 15:41:39
202,3,0.0239149907874916,5.19767030787742e-06,3.99652944122808e-08,1874894.03259188,1874894.03242263,0.00016925,75.609756097561,1,0,valid,2026-08-06 15:42:23
203,3,0.0239937345002013,5.20314649629399e-06,4.01712936183093e-08,1874894.03259188,1874894.03242263,0.00016925,75.609756097561,1,0,valid,2026-08-06 15:43:08
204,3,0.0239971272796372,5.19026908054114e-06,4.01609663076737e-08,1874894.03259188,1874894.03242263,0.00016925,75.609756097561,1,0,valid,2026-08-06 15:43:52
205,3,0.0238758231718492,5.1984216538244e-06,3.96414725407393e-08,1874894.03259188,1874894.03242263,0.00016925,75.609756097561,1,0,valid,2026-08-06 15:44:36
206,3,0.023966814489103,5.19230621272745e-06,4.00304030524754e-08,1874894.03259188,1874894.03242263,0.00016925,75.609756097561,1,0,valid,2026-08-06 15:45:21
207,3,0.0239078601927414,5.1899474896916e-06,3.9765549790447e-08,1874894.03259188,1874894.03242263,0.00016925,75.609756097561,1,0,valid,2026-08-06 15:46:05
208,3,0.0239472421865709,5.19268154742827e-06,3.98678470844478e-08,1874894.03259188,1874894.03242263,0.00016925,75.609756097561,1,0,valid,2026-08-06 15:46:49
209,3,0.0239489393529234,5.18625040216708e-06,3.98627254341183e-08,1874894.03259188,1874894.03242263,0.00016925,75.609756097561,1,0,valid,2026-08-06 15:47:34
210,3,0.0238882768749876,5.19032268064931e-06,3.96041619482579e-08,1874894.03259188,1874894.03242263,0.00016925,75.609756097561,1,0,valid,2026-08-06 15:48:18
211,3,0.0239337770214987,5.18726821916569e-06,3.9797913040371e-08,1874894.03259188,1874894.03242263,0.00016925,75.609756097561,1,0,valid,2026-08-06 15:49:03
212,3,0.0239042947144103,5.18608970961275e-06,3.96660844975627e-08,1874894.03259188,1874894.03242263,0.00016925,75.609756097561,1,0,valid,2026-08-06 15:49:48
213,3,0.0239239882290203,5.18745573013807e-06,3.97170585245092e-08,1874894.03259188,1874894.03242263,0.00016925,75.609756097561,1,0,valid,2026-08-06 15:50:32
214,3,0.0239248370044574,5.18424204693776e-06,3.97145081332103e-08,1874894.03259188,1874894.03242263,0.00016925,75.609756097561,1,0,valid,2026-08-06 15:51:16
215,3,0.0238945031784327,5.1862771846676e-06,3.95855209651229e-08,1874894.03259188,1874894.03242263,0.00016925,75.609756097561,1,0,valid,2026-08-06 15:52:00
216,3,0.0239172543673312,5.18475076823495e-06,3.96822185764774e-08,1874894.03259188,1874894.03242263,0.00016925,75.609756097561,1,0,valid,2026-08-06 15:52:44
217,3,0.0239025119300586,5.18416172636968e-06,3.96164532666126e-08,1874894.03259188,1874894.03242263,0.00016925,75.609756097561,1,0,valid,2026-08-06 15:53:28
218,3,0.0239123593147002,5.18484448464348e-06,3.96418967441932e-08,1874894.03259188,1874894.03242263,0.00016925,75.609756097561,1,0,valid,2026-08-06 15:54:13
219,3,0.0239127837502462,5.18323811524796e-06,3.96406241486309e-08,1874894.03259188,1874894.03242263,0.00016925,75.609756097561,1,0,valid,2026-08-06 15:54:57
220,3,0.0238976161928424,5.18425543380112e-06,3.95762040495881e-08,1874894.03259188,1874894.03242263,0.00016925,75.609756097561,1,0,valid,2026-08-06 15:55:42
221,3,0.0239089920654106,5.18349242910495e-06,3.96245084471422e-08,1874894.03259188,1874894.03242263,0.00016925,75.609756097561,1,0,valid,2026-08-06 15:56:26
222,3,0.0239016205265928,5.18319796139013e-06,3.95916629627502e-08,1874894.03259188,1874894.03242263,0.00016925,75.609756097561,1,0,valid,2026-08-06 15:57:11
223,3,0.0239065443754867,5.1835392775419e-06,3.96043738324246e-08,1874894.03259188,1874894.03242263,0.00016925,75.609756097561,1,0,valid,2026-08-06 15:57:55
224,3,0.0239067566051868,5.18273621087618e-06,3.96037381836204e-08,1874894.03259188,1874894.03242263,0.00016925,75.609756097561,1,0,valid,2026-08-06 15:58:40
225,3,0.0238991726656839,5.18324480758308e-06,3.95715464855485e-08,1874894.03259188,1874894.03242263,0.00016925,75.609756097561,1,0,valid,2026-08-06 15:59:25
226,3,0.0239048606713987,5.1828633561079e-06,3.95956875917246e-08,1874894.03259188,1874894.03242263,0.00016925,75.609756097561,1,0,valid,2026-08-06 16:00:09
227,3,0.0239011748220383,5.18271613555368e-06,3.95792741334468e-08,1874894.03259188,1874894.03242263,0.00016925,75.609756097561,1,0,valid,2026-08-06 16:00:53
228,3,0.0239036367855958,5.18288677788482e-06,3.95856268528602e-08,1874894.03259188,1874894.03242263,0.00016925,75.609756097561,1,0,valid,2026-08-06 16:01:37
229,3,0.023903742903424,5.18248527405757e-06,3.95853091905719e-08,1874894.03259188,1874894.03242263,0.00016925,75.609756097561,1,0,valid,2026-08-06 16:02:22
230,3,0.0238999508935093,5.18273955676964e-06,3.95692179269256e-08,1874894.03259188,1874894.03242263,0.00016925,75.609756097561,1,0,valid,2026-08-06 16:03:06
231,3,0.0239027949137121,5.18254884374938e-06,3.95812857080413e-08,1874894.03259188,1874894.03242263,0.00016925,75.609756097561,1,0,valid,2026-08-06 16:06:41
232,3,0.0239009519690557,5.18247523679791e-06,3.95730812987933e-08,1874894.03259188,1874894.03242263,0.00016925,75.609756097561,1,0,valid,2026-08-06 16:16:30
233,3,0.0239021829606081,5.18256055402748e-06,3.95762569798756e-08,1874894.03259188,1874894.03242263,0.00016925,75.609756097561,1,0,valid,2026-08-06 16:17:14
234,3,0.0239022360202662,5.18235980948996e-06,3.95760981892438e-08,1874894.03259188,1874894.03242263,0.00016925,75.609756097561,1,0,valid,2026-08-06 16:17:59
235,4,0.02,3e-05,1e-06,1874894.03259188,1874894.03242263,0.00016925,75.609756097561,1,0,valid,2026-08-06 16:19:29
236,4,0.0217303910644056,3e-05,1e-06,1874894.03259188,1874894.03242263,0.00016925,75.609756097561,1,0,valid,2026-08-06 16:20:14
237,4,0.02,3.42225199443314e-05,1e-06,1874894.03259188,1874894.03242263,0.00016925,75.609756097561,1,0,valid,2026-08-06 16:20:58
238,4,0.02,3e-05,1.00115195553217e-06,1874894.03259188,1874894.03242263,0.00016925,75.609756097561,1,0,valid,2026-08-06 16:21:43
239,4,0.0211539019883274,3.27811566706692e-05,9.98849369942493e-07,1874894.03259188,1874894.03242263,0.00016925,75.609756097561,1,0,valid,2026-08-06 16:22:28
240,4,0.0202884095290986,3.06823816145801e-05,1.00057581198861e-06,1874894.03259188,1874894.03242263,0.00016925,75.609756097561,1,0,valid,2026-08-06 16:23:12
241,4,0.0208654337135629,3e-05,1e-06,1874894.03259188,1874894.03242263,0.00016925,75.609756097561,1,0,valid,2026-08-06 16:23:56
242,4,0.02,3.20730410909327e-05,1e-06,1874894.03259188,1874894.03242263,0.00016925,75.609756097561,1,0,valid,2026-08-06 16:24:41
243,4,0.02,3e-05,1.00057581198861e-06,1874894.03259188,1874894.03242263,0.00016925,75.609756097561,1,0,valid,2026-08-06 16:25:30
244,4,0.0205769119590017,3.13734215972289e-05,9.9942451938003e-07,1874894.03259188,1874894.03242263,0.00016925,75.609756097561,1,0,valid,2026-08-06 16:41:13
245,4,0.0201441885248353,3.03401037628348e-05,1.00028786456158e-06,1874894.03259188,1874894.03242263,0.00016925,75.609756097561,1,0,valid,2026-08-06 16:41:58
246,4,0.0204326537473897,3e-05,1e-06,1874894.03259188,1874894.03242263,0.00016925,75.609756097561,1,0,valid,2026-08-06 16:42:47
247,4,0.02,3.10268241306669e-05,1e-06,1874894.03259188,1874894.03242263,0.00016925,75.609756097561,1,0,valid,2026-08-06 16:43:43
248,4,0.02,3e-05,1.00028786456158e-06,1874894.03259188,1874894.03242263,0.00016925,75.609756097561,1,0,valid,2026-08-06 16:44:37
249,4,0.0202884095290986,3.06823816145801e-05,9.99712218280574e-07,1874894.03259188,1874894.03242263,0.00016925,75.609756097561,1,0,valid,2026-08-06 16:45:32
250,4,0.0200720896217056,3.01697795426173e-05,1.00014392192407e-06,1874894.03259188,1874894.03242263,0.00016925,75.609756097561,1,0,valid,2026-08-06 16:46:57
251,4,0.0202162955471521,3e-05,1e-06,1874894.03259188,1874894.03242263,0.00016925,75.609756097561,1,0,valid,2026-08-06 16:47:57
252,4,0.02,3.05109715098278e-05,1e-06,1874894.03259188,1874894.03242263,0.00016925,75.609756097561,1,0,valid,2026-08-06 16:49:22
253,4,0.02,3e-05,1.00014392192407e-06,1874894.03259188,1874894.03242263,0.00016925,75.609756097561,1,0,valid,2026-08-06 16:50:36
254,4,0.0201441885248353,3.03401037628348e-05,9.99856098786474e-07,1874894.03259188,1874894.03242263,0.00016925,75.609756097561,1,0,valid,2026-08-06 16:56:36
255,4,0.0200360435779319,3.00848216153942e-05,1.00007195837303e-06,1874894.03259188,1874894.03242263,0.00016925,75.609756097561,1,0,valid,2026-08-06 16:57:21
256,4,0.0201081379857944,3e-05,1e-06,1874894.03259188,1874894.03242263,0.00016925,75.609756097561,1,0,valid,2026-08-06 16:58:06
257,4,0.02,3.02548736395256e-05,1e-06,1874894.03259188,1874894.03242263,0.00016925,75.609756097561,1,0,valid,2026-08-06 16:58:51
258,4,0.02,3e-05,1.00007195837303e-06,1874894.03259188,1874894.03242263,0.00016925,75.609756097561,1,0,valid,2026-08-06 16:59:37
259,4,0.0200720896217056,3.01697795426173e-05,9.99928046804601e-07,1874894.03259188,1874894.03242263,0.00016925,75.609756097561,1,0,valid,2026-08-06 17:00:21
260,4,0.020018021471634,3.00423937598791e-05,1.00003597853929e-06,1874894.03259188,1874894.03242263,0.00016925,75.609756097561,1,0,valid,2026-08-06 17:01:06
261,4,0.0200540663006878,3e-05,1e-06,1874894.03259188,1874894.03242263,0.00016925,75.609756097561,1,0,valid,2026-08-06 17:01:51
262,4,0.02,3.01272835488844e-05,1e-06,1874894.03259188,1874894.03242263,0.00016925,75.609756097561,1,0,valid,2026-08-06 17:02:35
263,4,0.02,3e-05,1.00003597853929e-06,1874894.03259188,1874894.03242263,0.00016925,75.609756097561,1,0,valid,2026-08-06 17:03:20
264,4,0.0200360435779319,3.00848216153942e-05,9.99964022755119e-07,1874894.03259188,1874894.03242263,0.00016925,75.609756097561,1,0,valid,2026-08-06 17:04:05
265,4,0.0200090106553457,3.0021192616884e-05,1.00001798910784e-06,1874894.03259188,1874894.03242263,0.00016925,75.609756097561,1,0,valid,2026-08-06 17:04:49
266,4,0.0200270324465881,3e-05,1e-06,1874894.03259188,1874894.03242263,0.00016925,75.609756097561,1,0,valid,2026-08-06 17:05:35
267,4,0.02,3.00636034267842e-05,1e-06,1874894.03259188,1874894.03242263,0.00016925,75.609756097561,1,0,valid,2026-08-06 17:06:19
268,4,0.02,3e-05,1.00001798910784e-06,1874894.03259188,1874894.03242263,0.00016925,75.609756097561,1,0,valid,2026-08-06 17:07:03
269,4,0.020018021471634,3.00423937598791e-05,9.99982011215762e-07,1874894.03259188,1874894.03242263,0.00016925,75.609756097561,1,0,valid,2026-08-06 17:07:47
270,4,0.0200045053074127,3.00105952425408e-05,1.00000899451347e-06,1874894.03259188,1874894.03242263,0.00016925,75.609756097561,1,0,valid,2026-08-06 17:08:30
271,4,0.0200135160435143,3e-05,1e-06,1874894.03259188,1874894.03242263,0.00016925,75.609756097561,1,0,valid,2026-08-06 17:09:14
272,4,0.02,3.00317921227551e-05,1e-06,1874894.03259188,1874894.03242263,0.00016925,75.609756097561,1,0,valid,2026-08-06 17:09:58
273,4,0.02,3e-05,1.00000899451347e-06,1874894.03259188,1874894.03242263,0.00016925,75.609756097561,1,0,valid,2026-08-06 17:10:43
274,4,0.0200090106553457,3.0021192616884e-05,9.99991005567431e-07,1874894.03259188,1874894.03242263,0.00016925,75.609756097561,1,0,valid,2026-08-06 17:11:27
275,4,0.0200022526486235,3.00052973547779e-05,1.00000449724662e-06,1874894.03259188,1874894.03242263,0.00016925,75.609756097561,1,0,valid,2026-08-06 17:12:11
276,4,0.020006757976332,3e-05,1e-06,1874894.03259188,1874894.03242263,0.00016925,75.609756097561,1,0,valid,2026-08-06 17:12:55
277,4,0.02,3.00158936632542e-05,1e-06,1874894.03259188,1874894.03242263,0.00016925,75.609756097561,1,0,valid,2026-08-06 17:13:39
278,4,0.02,3e-05,1.00000449724662e-06,1874894.03259188,1874894.03242263,0.00016925,75.609756097561,1,0,valid,2026-08-06 17:14:22
279,4,0.0200045053074127,3.00105952425408e-05,9.99995502773602e-07,1874894.03259188,1874894.03242263,0.00016925,75.609756097561,1,0,valid,2026-08-06 17:15:06
280,4,0.0200011263230388,3.00026486107637e-05,1.00000224862078e-06,1874894.03259188,1874894.03242263,0.00016925,75.609756097561,1,0,valid,2026-08-06 17:15:50
281,4,0.0200033789767496,3e-05,1e-06,1874894.03259188,1874894.03242263,0.00016925,75.609756097561,1,0,valid,2026-08-06 17:16:34
282,4,0.02,3.00079462320384e-05,1e-06,1874894.03259188,1874894.03242263,0.00016925,75.609756097561,1,0,valid,2026-08-06 17:17:19
283,4,0.02,3e-05,1.00000224862078e-06,1874894.03259188,1874894.03242263,0.00016925,75.609756097561,1,0,valid,2026-08-06 17:18:03
284,4,0.0200022526486235,3.00052973547779e-05,9.99997751384273e-07,1874894.03259188,1874894.03242263,0.00016925,75.609756097561,1,0,valid,2026-08-06 17:18:47
285,4,0.0200005631612009,3.00013242887252e-05,1.00000112430976e-06,1874894.03259188,1874894.03242263,0.00016925,75.609756097561,1,0,valid,2026-08-06 17:19:31
286,4,0.0200016894855132,3e-05,1e-06,1874894.03259188,1874894.03242263,0.00016925,75.609756097561,1,0,valid,2026-08-06 17:20:14
287,4,0.02,3.00039729661147e-05,1e-06,1874894.03259188,1874894.03242263,0.00016925,75.609756097561,1,0,valid,2026-08-06 17:20:59
288,4,0.02,3e-05,1.00000112430976e-06,1874894.03259188,1874894.03242263,0.00016925,75.609756097561,1,0,valid,2026-08-06 17:21:43
289,4,0.0200011263230389,3.00026486107637e-05,9.99998875691504e-07,1874894.03259188,1874894.03242263,0.00016925,75.609756097561,1,0,valid,2026-08-06 17:22:32
290,4,0.0200002815805208,3.00006621401985e-05,1.00000056215472e-06,1874894.03259188,1874894.03242263,0.00016925,75.609756097561,1,0,valid,2026-08-06 17:23:16
291,4,0.0200008447420403,3e-05,1e-06,1874894.03259188,1874894.03242263,0.00016925,75.609756097561,1,0,valid,2026-08-06 17:24:00
292,4,0.02,3.00019864455804e-05,1e-06,1874894.03259188,1874894.03242263,0.00016925,75.609756097561,1,0,valid,2026-08-06 17:24:43
293,4,0.02,3e-05,1.00000056215472e-06,1874894.03259188,1874894.03242263,0.00016925,75.609756097561,1,0,valid,2026-08-06 17:25:27
294,5,0.03,0.0001,9.99999999999998e-05,1874894.03259188,1874894.03242263,0.00016925,75.609756097561,1,0,valid,2026-08-06 17:26:56
295,5,0.0319255243040288,0.0001,9.99999999999998e-05,1874894.03259188,1874894.03242263,0.00016925,75.609756097561,1,0,valid,2026-08-06 17:27:40
296,5,0.03,0.000109017470633053,9.99999999999998e-05,1874894.03259188,1874894.03242263,0.00016925,75.609756097561,1,0,valid,2026-08-06 17:28:24
297,5,0.03,0.0001,0.000120575641302844,1874894.03259188,1874894.03242263,0.00016925,75.609756097561,1,0,valid,2026-08-06 17:29:08
298,5,0.0312965718074406,0.000106051581579267,8.25045882783005e-05,1874894.03259188,1874894.03242263,0.00016925,75.609756097561,1,0,valid,2026-08-06 17:29:53
299,5,0.0303288399112198,0.000101526680650058,0.000109878938918584,1874894.03259188,1874894.03242263,0.00016925,75.609756097561,1,0,valid,2026-08-06 17:30:37
300,5,0.0309771832324065,0.0001,9.99999999999998e-05,1874894.03259188,1874894.03242263,0.00016925,75.609756097561,1,0,valid,2026-08-06 17:31:21
301,5,0.03,0.000104552962572714,9.99999999999998e-05,1874894.03259188,1874894.03242263,0.00016925,75.609756097561,1,0,valid,2026-08-06 17:32:06
302,5,0.03,0.0001,0.000109878938918584,1874894.03259188,1874894.03242263,0.00016925,75.609756097561,1,0,valid,2026-08-06 17:32:50
303,5,0.0306545874381221,0.000103044501890877,9.08907799639627e-05,1874894.03259188,1874894.03242263,0.00016925,75.609756097561,1,0,valid,2026-08-06 17:33:35
304,5,0.0301648026420213,0.000100764415649599,0.000104840282183206,1874894.03259188,1874894.03242263,0.00016925,75.609756097561,1,0,valid,2026-08-06 17:34:19
305,5,0.0304921040231452,0.0001,9.99999999999998e-05,1874894.03259188,1874894.03242263,0.00016925,75.609756097561,1,0,valid,2026-08-06 17:35:03
306,5,0.03,0.000102286730486896,9.99999999999998e-05,1874894.03259188,1874894.03242263,0.00016925,75.609756097561,1,0,valid,2026-08-06 17:35:47
307,5,0.03,0.0001,0.000104840282183206,1874894.03259188,1874894.03242263,0.00016925,75.609756097561,1,0,valid,2026-08-06 17:36:31
308,5,0.0303288399112198,0.000101526680650058,9.53521263496227e-05,1874894.03259188,1874894.03242263,0.00016925,75.609756097561,1,0,valid,2026-08-06 17:37:15
309,5,0.0300824964964803,0.00010038247257527,0.000102395719092733,1874894.03259188,1874894.03242263,0.00016925,75.609756097561,1,0,valid,2026-08-06 17:38:00
310,5,0.0302469174405072,0.0001,9.99999999999998e-05,1874894.03259188,1874894.03242263,0.00016925,75.609756097561,1,0,valid,2026-08-06 17:38:44
311,5,0.03,0.00010114582104226,9.99999999999998e-05,1874894.03259188,1874894.03242263,0.00016925,75.609756097561,1,0,valid,2026-08-06 17:39:28
312,5,0.03,0.0001,0.000102395719092733,1874894.03259188,1874894.03242263,0.00016925,75.609756097561,1,0,valid,2026-08-06 17:40:13
313,5,0.0301648026420213,0.000100764415649599,9.7652381715755e-05,1874894.03259188,1874894.03242263,0.00016925,75.609756097561,1,0,valid,2026-08-06 17:40:57
314,5,0.0300412719792476,0.000100191301960933,0.000101191800618848,1874894.03259188,1874894.03242263,0.00016925,75.609756097561,1,0,valid,2026-08-06 17:41:43
315,5,0.0301236734257369,0.0001,9.99999999999998e-05,1874894.03259188,1874894.03242263,0.00016925,75.609756097561,1,0,valid,2026-08-06 17:42:27
316,5,0.03,0.000100573510813163,9.99999999999998e-05,1874894.03259188,1874894.03242263,0.00016925,75.609756097561,1,0,valid,2026-08-06 17:43:11
317,5,0.03,0.0001,0.000101191800618848,1874894.03259188,1874894.03242263,0.00016925,75.609756097561,1,0,valid,2026-08-06 17:43:55
318,5,0.0300824964964803,0.00010038247257527,9.88202245004714e-05,1874894.03259188,1874894.03242263,0.00016925,75.609756097561,1,0,valid,2026-08-06 17:44:39
319,5,0.0300206419144653,0.000100095667334237,0.000100594391381248,1874894.03259188,1874894.03242263,0.00016925,75.609756097561,1,0,valid,2026-08-06 17:45:24
320,5,0.030061890178511,0.0001,9.99999999999998e-05,1874894.03259188,1874894.03242263,0.00016925,75.609756097561,1,0,valid,2026-08-06 17:46:08
321,5,0.03,0.000100286903750904,9.99999999999998e-05,1874894.03259188,1874894.03242263,0.00016925,75.609756097561,1,0,valid,2026-08-06 17:46:53
322,5,0.03,0.0001,0.000100594391381248,1874894.03259188,1874894.03242263,0.00016925,75.609756097561,1,0,valid,2026-08-06 17:47:38
323,5,0.0300412719792476,0.000100191301960933,9.94086148934065e-05,1874894.03259188,1874894.03242263,0.00016925,75.609756097561,1,0,valid,2026-08-06 17:48:22
324,5,0.030010322437451,0.000100047837747475,0.00010029681918292,1874894.03259188,1874894.03242263,0.00016925,75.609756097561,1,0,valid,2026-08-06 17:49:07
325,5,0.030030958429058,0.0001,9.99999999999998e-05,1874894.03259188,1874894.03242263,0.00016925,75.609756097561,1,0,valid,2026-08-06 17:49:50
326,5,0.03,0.000100143488744108,9.99999999999998e-05,1874894.03259188,1874894.03242263,0.00016925,75.609756097561,1,0,valid,2026-08-06 17:50:35
327,5,0.03,0.0001,0.00010029681918292,1874894.03259188,1874894.03242263,0.00016925,75.609756097561,1,0,valid,2026-08-06 17:51:19
328,5,0.0300206419144653,0.000100095667334237,9.970393238542e-05,1874894.03259188,1874894.03242263,0.00016925,75.609756097561,1,0,valid,2026-08-06 17:52:04
329,5,0.0300051615886558,0.000100023919892815,0.000100148315555006,1874894.03259188,1874894.03242263,0.00016925,75.609756097561,1,0,valid,2026-08-06 17:52:48
330,5,0.0300154825461369,0.0001,9.99999999999998e-05,1874894.03259188,1874894.03242263,0.00016925,75.609756097561,1,0,valid,2026-08-06 17:54:53
331,5,0.03,0.000100071753561956,9.99999999999998e-05,1874894.03259188,1874894.03242263,0.00016925,75.609756097561,1,0,valid,2026-08-06 18:17:17
332,5,0.03,0.0001,0.000100148315555006,1874894.03259188,1874894.03242263,0.00016925,75.609756097561,1,0,valid,2026-08-06 18:37:21
333,5,0.0300103224374509,0.000100047837747475,9.98518723370586e-05,1874894.03259188,1874894.03242263,0.00016925,75.609756097561,1,0,valid,2026-08-06 18:56:20
334,5,0.0300025808867949,0.00010001196020105,0.000100074134279694,1874894.03259188,1874894.03242263,0.00016925,75.609756097561,1,0,valid,2026-08-06 19:10:00
335,5,0.0300077421055515,0.0001,9.99999999999998e-05,1874894.03259188,1874894.03242263,0.00016925,75.609756097561,1,0,valid,2026-08-06 19:10:46
336,5,0.03,0.000100035879075041,9.99999999999998e-05,1874894.03259188,1874894.03242263,0.00016925,75.609756097561,1,0,valid,2026-08-06 19:11:30
337,5,0.03,0.0001,0.000100074134279694,1874894.03259188,1874894.03242263,0.00016925,75.609756097561,1,0,valid,2026-08-06 19:12:15
338,5,0.0300051615886558,0.000100023919892815,9.99259126933207e-05,1874894.03259188,1874894.03242263,0.00016925,75.609756097561,1,0,valid,2026-08-06 19:13:00
339,5,0.0300012904665123,0.00010000598016417,0.000100037061266807,1874894.03259188,1874894.03242263,0.00016925,75.609756097561,1,0,valid,2026-08-06 19:13:46
340,5,0.0300038712608441,0.0001,9.99999999999998e-05,1874894.03259188,1874894.03242263,0.00016925,75.609756097561,1,0,valid,2026-08-06 19:14:31
341,5,0.03,0.000100017940110609,9.99999999999998e-05,1874894.03259188,1874894.03242263,0.00016925,75.609756097561,1,0,valid,2026-08-06 19:15:16
342,5,0.03,0.0001,0.000100037061266807,1874894.03259188,1874894.03242263,0.00016925,75.609756097561,1,0,valid,2026-08-06 19:16:01
343,5,0.0300025808867949,0.00010001196020105,9.99629504764461e-05,1874894.03259188,1874894.03242263,0.00016925,75.609756097561,1,0,valid,2026-08-06 19:16:45
344,5,0.0300006452390346,0.000100002990097994,0.00010001852916532,1874894.03259188,1874894.03242263,0.00016925,75.609756097561,1,0,valid,2026-08-06 19:17:29
345,5,0.0300019356824326,0.0001,9.99999999999998e-05,1874894.03259188,1874894.03242263,0.00016925,75.609756097561,1,0,valid,2026-08-06 19:18:13
346,5,0.03,0.000100008970198524,9.99999999999998e-05,1874894.03259188,1874894.03242263,0.00016925,75.609756097561,1,0,valid,2026-08-06 19:18:57
347,5,0.03,0.0001,0.00010001852916532,1874894.03259188,1874894.03242263,0.00016925,75.609756097561,1,0,valid,2026-08-06 19:19:41
348,5,0.0300012904665123,0.00010000598016417,9.99814737704928e-05,1874894.03259188,1874894.03242263,0.00016925,75.609756097561,1,0,valid,2026-08-06 19:20:26
349,5,0.0300003226209619,0.000100001495052974,0.000100009264215661,1874894.03259188,1874894.03242263,0.00016925,75.609756097561,1,0,valid,2026-08-06 19:21:11
350,5,0.0300009678542181,0.0001,9.99999999999998e-05,1874894.03259188,1874894.03242263,0.00016925,75.609756097561,1,0,valid,2026-08-06 19:21:55
351,5,0.03,0.00010000448513506,9.99999999999998e-05,1874894.03259188,1874894.03242263,0.00016925,75.609756097561,1,0,valid,2026-08-06 19:22:39
352,5,0.03,0.0001,0.000100009264215661,1874894.03259188,1874894.03242263,0.00016925,75.609756097561,1,0,valid,2026-08-06 19:23:23
